Timestamp,Gasdata
01/11/2017 00:00,0
01/11/2017 00:15,0
01/11/2017 00:30,0
01/11/2017 00:45,0
01/11/2017 01:00,0
01/11/2017 01:15,0
01/11/2017 01:30,0
01/11/2017 01:45,0
01/11/2017 02:00,0
01/11/2017 02:15,0
01/11/2017 02:30,0
01/11/2017 02:45,0
01/11/2017 03:00,0
01/11/2017 03:15,0
01/11/2017 03:30,0
01/11/2017 03:45,0
01/11/2017 04:00,0
01/11/2017 04:15,0
01/11/2017 04:30,0
01/11/2017 04:45,0
01/11/2017 05:00,0
01/11/2017 05:15,0
01/11/2017 05:30,0
01/11/2017 05:45,0
01/11/2017 06:00,0
01/11/2017 06:15,0
01/11/2017 06:30,0
01/11/2017 06:45,1
01/11/2017 07:00,51
01/11/2017 07:15,38
01/11/2017 07:30,14
01/11/2017 07:45,4
01/11/2017 08:00,1
01/11/2017 08:15,0
01/11/2017 08:30,0
01/11/2017 08:45,0
01/11/2017 09:00,1
01/11/2017 09:15,0
01/11/2017 09:30,0
01/11/2017 09:45,0
01/11/2017 10:00,0
01/11/2017 10:15,0
01/11/2017 10:30,0
01/11/2017 10:45,0
01/11/2017 11:00,0
01/11/2017 11:15,0
01/11/2017 11:30,0
01/11/2017 11:45,0
01/11/2017 12:00,0
01/11/2017 12:15,0
01/11/2017 12:30,0
01/11/2017 12:45,0
01/11/2017 13:00,0
01/11/2017 13:15,0
01/11/2017 13:30,0
01/11/2017 13:45,0
01/11/2017 14:00,0
01/11/2017 14:15,0
01/11/2017 14:30,0
01/11/2017 14:45,0
01/11/2017 15:00,0
01/11/2017 15:15,0
01/11/2017 15:30,0
01/11/2017 15:45,0
01/11/2017 16:00,43
01/11/2017 16:15,42
01/11/2017 16:30,14
01/11/2017 16:45,4
01/11/2017 17:00,0
01/11/2017 17:15,0
01/11/2017 17:30,0
01/11/2017 17:45,0
01/11/2017 18:00,3
01/11/2017 18:15,5
01/11/2017 18:30,15
01/11/2017 18:45,9
01/11/2017 19:00,12
01/11/2017 19:15,0
01/11/2017 19:30,0
01/11/2017 19:45,0
01/11/2017 20:00,2
01/11/2017 20:15,3
01/11/2017 20:30,13
01/11/2017 20:45,10
01/11/2017 21:00,18
01/11/2017 21:15,5
01/11/2017 21:30,5
01/11/2017 21:45,0
01/11/2017 22:00,0
01/11/2017 22:15,0
01/11/2017 22:30,3
01/11/2017 22:45,4
01/11/2017 23:00,0
01/11/2017 23:15,0
01/11/2017 23:30,0
01/11/2017 23:45,0
02/11/2017 00:00,0
02/11/2017 00:15,0
02/11/2017 00:30,0
02/11/2017 00:45,0
02/11/2017 01:00,0
02/11/2017 01:15,0
02/11/2017 01:30,0
02/11/2017 01:45,0
02/11/2017 02:00,0
02/11/2017 02:15,0
02/11/2017 02:30,0
02/11/2017 02:45,0
02/11/2017 03:00,0
02/11/2017 03:15,0
02/11/2017 03:30,0
02/11/2017 03:45,0
02/11/2017 04:00,0
02/11/2017 04:15,0
02/11/2017 04:30,0
02/11/2017 04:45,0
02/11/2017 05:00,0
02/11/2017 05:15,0
02/11/2017 05:30,0
02/11/2017 05:45,0
02/11/2017 06:00,0
02/11/2017 06:15,0
02/11/2017 06:30,0
02/11/2017 06:45,0
02/11/2017 07:00,46
02/11/2017 07:15,42
02/11/2017 07:30,20
02/11/2017 07:45,4
02/11/2017 08:00,3
02/11/2017 08:15,0
02/11/2017 08:30,0
02/11/2017 08:45,1
02/11/2017 09:00,3
02/11/2017 09:15,0
02/11/2017 09:30,0
02/11/2017 09:45,0
02/11/2017 10:00,0
02/11/2017 10:15,0
02/11/2017 10:30,0
02/11/2017 10:45,0
02/11/2017 11:00,0
02/11/2017 11:15,0
02/11/2017 11:30,0
02/11/2017 11:45,0
02/11/2017 12:00,0
02/11/2017 12:15,0
02/11/2017 12:30,0
02/11/2017 12:45,0
02/11/2017 13:00,0
02/11/2017 13:15,0
02/11/2017 13:30,0
02/11/2017 13:45,0
02/11/2017 14:00,0
02/11/2017 14:15,0
02/11/2017 14:30,0
02/11/2017 14:45,0
02/11/2017 15:00,0
02/11/2017 15:15,0
02/11/2017 15:30,0
02/11/2017 15:45,1
02/11/2017 16:00,50
02/11/2017 16:15,39
02/11/2017 16:30,15
02/11/2017 16:45,0
02/11/2017 17:00,2
02/11/2017 17:15,0
02/11/2017 17:30,1
02/11/2017 17:45,3
02/11/2017 18:00,10
02/11/2017 18:15,11
02/11/2017 18:30,17
02/11/2017 18:45,4
02/11/2017 19:00,2
02/11/2017 19:15,0
02/11/2017 19:30,0
02/11/2017 19:45,2
02/11/2017 20:00,9
02/11/2017 20:15,6
02/11/2017 20:30,19
02/11/2017 20:45,9
02/11/2017 21:00,12
02/11/2017 21:15,3
02/11/2017 21:30,0
02/11/2017 21:45,0
02/11/2017 22:00,2
02/11/2017 22:15,2
02/11/2017 22:30,6
02/11/2017 22:45,4
02/11/2017 23:00,0
02/11/2017 23:15,0
02/11/2017 23:30,0
02/11/2017 23:45,0
03/11/2017 00:00,0
03/11/2017 00:15,0
03/11/2017 00:30,0
03/11/2017 00:45,0
03/11/2017 01:00,0
03/11/2017 01:15,0
03/11/2017 01:30,0
03/11/2017 01:45,0
03/11/2017 02:00,0
03/11/2017 02:15,0
03/11/2017 02:30,0
03/11/2017 02:45,0
03/11/2017 03:00,0
03/11/2017 03:15,0
03/11/2017 03:30,0
03/11/2017 03:45,0
03/11/2017 04:00,0
03/11/2017 04:15,0
03/11/2017 04:30,0
03/11/2017 04:45,0
03/11/2017 05:00,0
03/11/2017 05:15,0
03/11/2017 05:30,0
03/11/2017 05:45,0
03/11/2017 06:00,0
03/11/2017 06:15,0
03/11/2017 06:30,0
03/11/2017 06:45,2
03/11/2017 07:00,52
03/11/2017 07:15,38
03/11/2017 07:30,16
03/11/2017 07:45,5
03/11/2017 08:00,3
03/11/2017 08:15,0
03/11/2017 08:30,0
03/11/2017 08:45,0
03/11/2017 09:00,0
03/11/2017 09:15,0
03/11/2017 09:30,0
03/11/2017 09:45,0
03/11/2017 10:00,0
03/11/2017 10:15,0
03/11/2017 10:30,0
03/11/2017 10:45,0
03/11/2017 11:00,0
03/11/2017 11:15,0
03/11/2017 11:30,0
03/11/2017 11:45,0
03/11/2017 12:00,0
03/11/2017 12:15,0
03/11/2017 12:30,0
03/11/2017 12:45,0
03/11/2017 13:00,0
03/11/2017 13:15,0
03/11/2017 13:30,0
03/11/2017 13:45,0
03/11/2017 14:00,0
03/11/2017 14:15,0
03/11/2017 14:30,0
03/11/2017 14:45,0
03/11/2017 15:00,0
03/11/2017 15:15,0
03/11/2017 15:30,0
03/11/2017 15:45,0
03/11/2017 16:00,44
03/11/2017 16:15,43
03/11/2017 16:30,16
03/11/2017 16:45,1
03/11/2017 17:00,2
03/11/2017 17:15,0
03/11/2017 17:30,0
03/11/2017 17:45,3
03/11/2017 18:00,12
03/11/2017 18:15,8
03/11/2017 18:30,18
03/11/2017 18:45,4
03/11/2017 19:00,2
03/11/2017 19:15,0
03/11/2017 19:30,3
03/11/2017 19:45,0
03/11/2017 20:00,7
03/11/2017 20:15,4
03/11/2017 20:30,22
03/11/2017 20:45,11
03/11/2017 21:00,14
03/11/2017 21:15,4
03/11/2017 21:30,1
03/11/2017 21:45,0
03/11/2017 22:00,1
03/11/2017 22:15,3
03/11/2017 22:30,8
03/11/2017 22:45,5
03/11/2017 23:00,0
03/11/2017 23:15,0
03/11/2017 23:30,0
03/11/2017 23:45,0
04/11/2017 00:00,0
04/11/2017 00:15,0
04/11/2017 00:30,0
04/11/2017 00:45,0
04/11/2017 01:00,0
04/11/2017 01:15,0
04/11/2017 01:30,0
04/11/2017 01:45,0
04/11/2017 02:00,0
04/11/2017 02:15,0
04/11/2017 02:30,0
04/11/2017 02:45,0
04/11/2017 03:00,0
04/11/2017 03:15,0
04/11/2017 03:30,0
04/11/2017 03:45,0
04/11/2017 04:00,0
04/11/2017 04:15,0
04/11/2017 04:30,0
04/11/2017 04:45,0
04/11/2017 05:00,0
04/11/2017 05:15,0
04/11/2017 05:30,0
04/11/2017 05:45,0
04/11/2017 06:00,0
04/11/2017 06:15,0
04/11/2017 06:30,0
04/11/2017 06:45,0
04/11/2017 07:00,47
04/11/2017 07:15,41
04/11/2017 07:30,17
04/11/2017 07:45,1
04/11/2017 08:00,3
04/11/2017 08:15,0
04/11/2017 08:30,1
04/11/2017 08:45,2
04/11/2017 09:00,10
04/11/2017 09:15,8
04/11/2017 09:30,14
04/11/2017 09:45,7
04/11/2017 10:00,8
04/11/2017 10:15,0
04/11/2017 10:30,0
04/11/2017 10:45,0
04/11/2017 11:00,5
04/11/2017 11:15,5
04/11/2017 11:30,12
04/11/2017 11:45,5
04/11/2017 12:00,14
04/11/2017 12:15,7
04/11/2017 12:30,11
04/11/2017 12:45,2
04/11/2017 13:00,0
04/11/2017 13:15,0
04/11/2017 13:30,1
04/11/2017 13:45,1
04/11/2017 14:00,5
04/11/2017 14:15,4
04/11/2017 14:30,9
04/11/2017 14:45,5
04/11/2017 15:00,12
04/11/2017 15:15,6
04/11/2017 15:30,9
04/11/2017 15:45,2
04/11/2017 16:00,0
04/11/2017 16:15,0
04/11/2017 16:30,2
04/11/2017 16:45,2
04/11/2017 17:00,9
04/11/2017 17:15,5
04/11/2017 17:30,15
04/11/2017 17:45,10
04/11/2017 18:00,15
04/11/2017 18:15,2
04/11/2017 18:30,0
04/11/2017 18:45,0
04/11/2017 19:00,0
04/11/2017 19:15,2
04/11/2017 19:30,5
04/11/2017 19:45,5
04/11/2017 20:00,11
04/11/2017 20:15,6
04/11/2017 20:30,24
04/11/2017 20:45,3
04/11/2017 21:00,4
04/11/2017 21:15,0
04/11/2017 21:30,0
04/11/2017 21:45,0
04/11/2017 22:00,14
04/11/2017 22:15,5
04/11/2017 22:30,11
04/11/2017 22:45,8
04/11/2017 23:00,1
04/11/2017 23:15,1
04/11/2017 23:30,0
04/11/2017 23:45,0
05/11/2017 00:00,0
05/11/2017 00:15,0
05/11/2017 00:30,0
05/11/2017 00:45,0
05/11/2017 01:00,0
05/11/2017 01:15,0
05/11/2017 01:30,0
05/11/2017 01:45,0
05/11/2017 02:00,0
05/11/2017 02:15,0
05/11/2017 02:30,0
05/11/2017 02:45,0
05/11/2017 03:00,0
05/11/2017 03:15,0
05/11/2017 03:30,0
05/11/2017 03:45,0
05/11/2017 04:00,0
05/11/2017 04:15,0
05/11/2017 04:30,0
05/11/2017 04:45,0
05/11/2017 05:00,0
05/11/2017 05:15,0
05/11/2017 05:30,0
05/11/2017 05:45,0
05/11/2017 06:00,0
05/11/2017 06:15,0
05/11/2017 06:30,0
05/11/2017 06:45,0
05/11/2017 07:00,42
05/11/2017 07:15,44
05/11/2017 07:30,23
05/11/2017 07:45,7
05/11/2017 08:00,2
05/11/2017 08:15,3
05/11/2017 08:30,1
05/11/2017 08:45,6
05/11/2017 09:00,17
05/11/2017 09:15,12
05/11/2017 09:30,14
05/11/2017 09:45,1
05/11/2017 10:00,0
05/11/2017 10:15,0
05/11/2017 10:30,3
05/11/2017 10:45,6
05/11/2017 11:00,17
05/11/2017 11:15,21
05/11/2017 11:30,13
05/11/2017 11:45,3
05/11/2017 12:00,0
05/11/2017 12:15,0
05/11/2017 12:30,0
05/11/2017 12:45,1
05/11/2017 13:00,12
05/11/2017 13:15,15
05/11/2017 13:30,22
05/11/2017 13:45,3
05/11/2017 14:00,2
05/11/2017 14:15,0
05/11/2017 14:30,0
05/11/2017 14:45,0
05/11/2017 15:00,9
05/11/2017 15:15,7
05/11/2017 15:30,24
05/11/2017 15:45,14
05/11/2017 16:00,9
05/11/2017 16:15,0
05/11/2017 16:30,0
05/11/2017 16:45,0
05/11/2017 17:00,1
05/11/2017 17:15,4
05/11/2017 17:30,17
05/11/2017 17:45,14
05/11/2017 18:00,19
05/11/2017 18:15,2
05/11/2017 18:30,0
05/11/2017 18:45,0
05/11/2017 19:00,0
05/11/2017 19:15,2
05/11/2017 19:30,21
05/11/2017 19:45,16
05/11/2017 20:00,17
05/11/2017 20:15,0
05/11/2017 20:30,0
05/11/2017 20:45,0
05/11/2017 21:00,0
05/11/2017 21:15,20
05/11/2017 21:30,20
05/11/2017 21:45,0
05/11/2017 22:00,2
05/11/2017 22:15,0
05/11/2017 22:30,7
05/11/2017 22:45,16
05/11/2017 23:00,7
05/11/2017 23:15,1
05/11/2017 23:30,2
05/11/2017 23:45,0
06/11/2017 00:00,0
06/11/2017 00:15,0
06/11/2017 00:30,0
06/11/2017 00:45,0
06/11/2017 01:00,0
06/11/2017 01:15,0
06/11/2017 01:30,0
06/11/2017 01:45,0
06/11/2017 02:00,0
06/11/2017 02:15,0
06/11/2017 02:30,0
06/11/2017 02:45,0
06/11/2017 03:00,0
06/11/2017 03:15,0
06/11/2017 03:30,0
06/11/2017 03:45,0
06/11/2017 04:00,0
06/11/2017 04:15,0
06/11/2017 04:30,0
06/11/2017 04:45,0
06/11/2017 05:00,3
06/11/2017 05:15,1
06/11/2017 05:30,3
06/11/2017 05:45,2
06/11/2017 06:00,3
06/11/2017 06:15,1
06/11/2017 06:30,3
06/11/2017 06:45,1
06/11/2017 07:00,48
06/11/2017 07:15,38
06/11/2017 07:30,22
06/11/2017 07:45,9
06/11/2017 08:00,5
06/11/2017 08:15,2
06/11/2017 08:30,4
06/11/2017 08:45,2
06/11/2017 09:00,0
06/11/2017 09:15,0
06/11/2017 09:30,0
06/11/2017 09:45,0
06/11/2017 10:00,0
06/11/2017 10:15,0
06/11/2017 10:30,0
06/11/2017 10:45,0
06/11/2017 11:00,0
06/11/2017 11:15,0
06/11/2017 11:30,0
06/11/2017 11:45,0
06/11/2017 12:00,0
06/11/2017 12:15,0
06/11/2017 12:30,0
06/11/2017 12:45,0
06/11/2017 13:00,0
06/11/2017 13:15,0
06/11/2017 13:30,0
06/11/2017 13:45,0
06/11/2017 14:00,0
06/11/2017 14:15,0
06/11/2017 14:30,0
06/11/2017 14:45,0
06/11/2017 15:00,0
06/11/2017 15:15,0
06/11/2017 15:30,0
06/11/2017 15:45,1
06/11/2017 16:00,52
06/11/2017 16:15,38
06/11/2017 16:30,19
06/11/2017 16:45,6
06/11/2017 17:00,5
06/11/2017 17:15,1
06/11/2017 17:30,3
06/11/2017 17:45,5
06/11/2017 18:00,17
06/11/2017 18:15,13
06/11/2017 18:30,25
06/11/2017 18:45,7
06/11/2017 19:00,5
06/11/2017 19:15,1
06/11/2017 19:30,0
06/11/2017 19:45,4
06/11/2017 20:00,23
06/11/2017 20:15,16
06/11/2017 20:30,22
06/11/2017 20:45,8
06/11/2017 21:00,0
06/11/2017 21:15,0
06/11/2017 21:30,0
06/11/2017 21:45,5
06/11/2017 22:00,21
06/11/2017 22:15,15
06/11/2017 22:30,22
06/11/2017 22:45,5
06/11/2017 23:00,3
06/11/2017 23:15,0
06/11/2017 23:30,0
06/11/2017 23:45,0
07/11/2017 00:00,0
07/11/2017 00:15,0
07/11/2017 00:30,0
07/11/2017 00:45,0
07/11/2017 01:00,0
07/11/2017 01:15,0
07/11/2017 01:30,0
07/11/2017 01:45,0
07/11/2017 02:00,0
07/11/2017 02:15,0
07/11/2017 02:30,0
07/11/2017 02:45,0
07/11/2017 03:00,0
07/11/2017 03:15,0
07/11/2017 03:30,0
07/11/2017 03:45,0
07/11/2017 04:00,0
07/11/2017 04:15,0
07/11/2017 04:30,0
07/11/2017 04:45,0
07/11/2017 05:00,0
07/11/2017 05:15,0
07/11/2017 05:30,0
07/11/2017 05:45,0
07/11/2017 06:00,0
07/11/2017 06:15,0
07/11/2017 06:30,0
07/11/2017 06:45,0
07/11/2017 07:00,43
07/11/2017 07:15,44
07/11/2017 07:30,20
07/11/2017 07:45,10
07/11/2017 08:00,3
07/11/2017 08:15,4
07/11/2017 08:30,3
07/11/2017 08:45,2
07/11/2017 09:00,0
07/11/2017 09:15,0
07/11/2017 09:30,0
07/11/2017 09:45,0
07/11/2017 10:00,0
07/11/2017 10:15,0
07/11/2017 10:30,0
07/11/2017 10:45,0
07/11/2017 11:00,0
07/11/2017 11:15,0
07/11/2017 11:30,0
07/11/2017 11:45,0
07/11/2017 12:00,0
07/11/2017 12:15,0
07/11/2017 12:30,0
07/11/2017 12:45,0
07/11/2017 13:00,0
07/11/2017 13:15,0
07/11/2017 13:30,0
07/11/2017 13:45,0
07/11/2017 14:00,0
07/11/2017 14:15,0
07/11/2017 14:30,0
07/11/2017 14:45,0
07/11/2017 15:00,0
07/11/2017 15:15,0
07/11/2017 15:30,0
07/11/2017 15:45,0
07/11/2017 16:00,47
07/11/2017 16:15,42
07/11/2017 16:30,20
07/11/2017 16:45,8
07/11/2017 17:00,4
07/11/2017 17:15,0
07/11/2017 17:30,0
07/11/2017 17:45,1
07/11/2017 18:00,21
07/11/2017 18:15,14
07/11/2017 18:30,21
07/11/2017 18:45,4
07/11/2017 19:00,3
07/11/2017 19:15,0
07/11/2017 19:30,0
07/11/2017 19:45,8
07/11/2017 20:00,22
07/11/2017 20:15,15
07/11/2017 20:30,15
07/11/2017 20:45,5
07/11/2017 21:00,2
07/11/2017 21:15,0
07/11/2017 21:30,6
07/11/2017 21:45,9
07/11/2017 22:00,20
07/11/2017 22:15,11
07/11/2017 22:30,10
07/11/2017 22:45,0
07/11/2017 23:00,0
07/11/2017 23:15,0
07/11/2017 23:30,0
07/11/2017 23:45,0
08/11/2017 00:00,0
08/11/2017 00:15,0
08/11/2017 00:30,0
08/11/2017 00:45,0
08/11/2017 01:00,0
08/11/2017 01:15,0
08/11/2017 01:30,0
08/11/2017 01:45,0
08/11/2017 02:00,0
08/11/2017 02:15,0
08/11/2017 02:30,0
08/11/2017 02:45,0
08/11/2017 03:00,0
08/11/2017 03:15,0
08/11/2017 03:30,0
08/11/2017 03:45,0
08/11/2017 04:00,0
08/11/2017 04:15,0
08/11/2017 04:30,0
08/11/2017 04:45,0
08/11/2017 05:00,0
08/11/2017 05:15,0
08/11/2017 05:30,0
08/11/2017 05:45,0
08/11/2017 06:00,0
08/11/2017 06:15,0
08/11/2017 06:30,0
08/11/2017 06:45,0
08/11/2017 07:00,50
08/11/2017 07:15,41
08/11/2017 07:30,20
08/11/2017 07:45,12
08/11/2017 08:00,3
08/11/2017 08:15,0
08/11/2017 08:30,0
08/11/2017 08:45,0
08/11/2017 09:00,3
08/11/2017 09:15,1
08/11/2017 09:30,2
08/11/2017 09:45,0
08/11/2017 10:00,0
08/11/2017 10:15,0
08/11/2017 10:30,0
08/11/2017 10:45,0
08/11/2017 11:00,0
08/11/2017 11:15,0
08/11/2017 11:30,0
08/11/2017 11:45,0
08/11/2017 12:00,0
08/11/2017 12:15,0
08/11/2017 12:30,0
08/11/2017 12:45,0
08/11/2017 13:00,0
08/11/2017 13:15,0
08/11/2017 13:30,0
08/11/2017 13:45,0
08/11/2017 14:00,0
08/11/2017 14:15,0
08/11/2017 14:30,0
08/11/2017 14:45,0
08/11/2017 15:00,0
08/11/2017 15:15,0
08/11/2017 15:30,0
08/11/2017 15:45,0
08/11/2017 16:00,40
08/11/2017 16:15,45
08/11/2017 16:30,17
08/11/2017 16:45,9
08/11/2017 17:00,4
08/11/2017 17:15,1
08/11/2017 17:30,3
08/11/2017 17:45,1
08/11/2017 18:00,14
08/11/2017 18:15,10
08/11/2017 18:30,24
08/11/2017 18:45,11
08/11/2017 19:00,10
08/11/2017 19:15,0
08/11/2017 19:30,0
08/11/2017 19:45,0
08/11/2017 20:00,9
08/11/2017 20:15,15
08/11/2017 20:30,32
08/11/2017 20:45,15
08/11/2017 21:00,4
08/11/2017 21:15,0
08/11/2017 21:30,0
08/11/2017 21:45,1
08/11/2017 22:00,7
08/11/2017 22:15,14
08/11/2017 22:30,24
08/11/2017 22:45,11
08/11/2017 23:00,0
08/11/2017 23:15,0
08/11/2017 23:30,0
08/11/2017 23:45,0
09/11/2017 00:00,0
09/11/2017 00:15,0
09/11/2017 00:30,0
09/11/2017 00:45,0
09/11/2017 01:00,0
09/11/2017 01:15,0
09/11/2017 01:30,0
09/11/2017 01:45,0
09/11/2017 02:00,0
09/11/2017 02:15,0
09/11/2017 02:30,0
09/11/2017 02:45,0
09/11/2017 03:00,0
09/11/2017 03:15,0
09/11/2017 03:30,0
09/11/2017 03:45,0
09/11/2017 04:00,0
09/11/2017 04:15,0
09/11/2017 04:30,0
09/11/2017 04:45,0
09/11/2017 05:00,0
09/11/2017 05:15,0
09/11/2017 05:30,0
09/11/2017 05:45,0
09/11/2017 06:00,0
09/11/2017 06:15,0
09/11/2017 06:30,0
09/11/2017 06:45,0
09/11/2017 07:00,44
09/11/2017 07:15,43
09/11/2017 07:30,22
09/11/2017 07:45,9
09/11/2017 08:00,6
09/11/2017 08:15,0
09/11/2017 08:30,0
09/11/2017 08:45,2
09/11/2017 09:00,0
09/11/2017 09:15,0
09/11/2017 09:30,0
09/11/2017 09:45,0
09/11/2017 10:00,0
09/11/2017 10:15,0
09/11/2017 10:30,0
09/11/2017 10:45,0
09/11/2017 11:00,0
09/11/2017 11:15,0
09/11/2017 11:30,0
09/11/2017 11:45,0
09/11/2017 12:00,0
09/11/2017 12:15,0
09/11/2017 12:30,0
09/11/2017 12:45,0
09/11/2017 13:00,0
09/11/2017 13:15,0
09/11/2017 13:30,0
09/11/2017 13:45,0
09/11/2017 14:00,0
09/11/2017 14:15,0
09/11/2017 14:30,0
09/11/2017 14:45,0
09/11/2017 15:00,0
09/11/2017 15:15,0
09/11/2017 15:30,0
09/11/2017 15:45,0
09/11/2017 16:00,49
09/11/2017 16:15,40
09/11/2017 16:30,19
09/11/2017 16:45,3
09/11/2017 17:00,7
09/11/2017 17:15,1
09/11/2017 17:30,0
09/11/2017 17:45,2
09/11/2017 18:00,11
09/11/2017 18:15,11
09/11/2017 18:30,22
09/11/2017 18:45,9
09/11/2017 19:00,1
09/11/2017 19:15,0
09/11/2017 19:30,0
09/11/2017 19:45,5
09/11/2017 20:00,10
09/11/2017 20:15,14
09/11/2017 20:30,24
09/11/2017 20:45,9
09/11/2017 21:00,5
09/11/2017 21:15,0
09/11/2017 21:30,0
09/11/2017 21:45,0
09/11/2017 22:00,9
09/11/2017 22:15,7
09/11/2017 22:30,28
09/11/2017 22:45,14
09/11/2017 23:00,2
09/11/2017 23:15,0
09/11/2017 23:30,0
09/11/2017 23:45,0
10/11/2017 00:00,0
10/11/2017 00:15,0
10/11/2017 00:30,0
10/11/2017 00:45,0
10/11/2017 01:00,0
10/11/2017 01:15,0
10/11/2017 01:30,0
10/11/2017 01:45,0
10/11/2017 02:00,0
10/11/2017 02:15,0
10/11/2017 02:30,0
10/11/2017 02:45,0
10/11/2017 03:00,0
10/11/2017 03:15,0
10/11/2017 03:30,0
10/11/2017 03:45,0
10/11/2017 04:00,0
10/11/2017 04:15,0
10/11/2017 04:30,0
10/11/2017 04:45,0
10/11/2017 05:00,0
10/11/2017 05:15,0
10/11/2017 05:30,0
10/11/2017 05:45,0
10/11/2017 06:00,0
10/11/2017 06:15,0
10/11/2017 06:30,0
10/11/2017 06:45,1
10/11/2017 07:00,51
10/11/2017 07:15,40
10/11/2017 07:30,18
10/11/2017 07:45,2
10/11/2017 08:00,4
10/11/2017 08:15,0
10/11/2017 08:30,0
10/11/2017 08:45,1
10/11/2017 09:00,0
10/11/2017 09:15,0
10/11/2017 09:30,0
10/11/2017 09:45,0
10/11/2017 10:00,0
10/11/2017 10:15,0
10/11/2017 10:30,0
10/11/2017 10:45,0
10/11/2017 11:00,0
10/11/2017 11:15,0
10/11/2017 11:30,0
10/11/2017 11:45,0
10/11/2017 12:00,0
10/11/2017 12:15,0
10/11/2017 12:30,0
10/11/2017 12:45,0
10/11/2017 13:00,0
10/11/2017 13:15,0
10/11/2017 13:30,0
10/11/2017 13:45,0
10/11/2017 14:00,0
10/11/2017 14:15,0
10/11/2017 14:30,0
10/11/2017 14:45,0
10/11/2017 15:00,0
10/11/2017 15:15,0
10/11/2017 15:30,0
10/11/2017 15:45,0
10/11/2017 16:00,43
10/11/2017 16:15,43
10/11/2017 16:30,20
10/11/2017 16:45,6
10/11/2017 17:00,6
10/11/2017 17:15,1
10/11/2017 17:30,0
10/11/2017 17:45,1
10/11/2017 18:00,12
10/11/2017 18:15,9
10/11/2017 18:30,24
10/11/2017 18:45,11
10/11/2017 19:00,5
10/11/2017 19:15,0
10/11/2017 19:30,0
10/11/2017 19:45,0
10/11/2017 20:00,12
10/11/2017 20:15,14
10/11/2017 20:30,26
10/11/2017 20:45,9
10/11/2017 21:00,8
10/11/2017 21:15,0
10/11/2017 21:30,0
10/11/2017 21:45,0
10/11/2017 22:00,4
10/11/2017 22:15,7
10/11/2017 22:30,19
10/11/2017 22:45,13
10/11/2017 23:00,0
10/11/2017 23:15,0
10/11/2017 23:30,0
10/11/2017 23:45,0
11/11/2017 00:00,0
11/11/2017 00:15,0
11/11/2017 00:30,0
11/11/2017 00:45,0
11/11/2017 01:00,0
11/11/2017 01:15,0
11/11/2017 01:30,0
11/11/2017 01:45,0
11/11/2017 02:00,0
11/11/2017 02:15,0
11/11/2017 02:30,0
11/11/2017 02:45,0
11/11/2017 03:00,0
11/11/2017 03:15,0
11/11/2017 03:30,0
11/11/2017 03:45,0
11/11/2017 04:00,0
11/11/2017 04:15,0
11/11/2017 04:30,0
11/11/2017 04:45,0
11/11/2017 05:00,0
11/11/2017 05:15,0
11/11/2017 05:30,0
11/11/2017 05:45,0
11/11/2017 06:00,0
11/11/2017 06:15,0
11/11/2017 06:30,0
11/11/2017 06:45,0
11/11/2017 07:00,46
11/11/2017 07:15,43
11/11/2017 07:30,21
11/11/2017 07:45,6
11/11/2017 08:00,5
11/11/2017 08:15,0
11/11/2017 08:30,0
11/11/2017 08:45,2
11/11/2017 09:00,16
11/11/2017 09:15,16
11/11/2017 09:30,21
11/11/2017 09:45,3
11/11/2017 10:00,0
11/11/2017 10:15,0
11/11/2017 10:30,0
11/11/2017 10:45,5
11/11/2017 11:00,19
11/11/2017 11:15,14
11/11/2017 11:30,19
11/11/2017 11:45,3
11/11/2017 12:00,1
11/11/2017 12:15,0
11/11/2017 12:30,0
11/11/2017 12:45,3
11/11/2017 13:00,27
11/11/2017 13:15,10
11/11/2017 13:30,9
11/11/2017 13:45,0
11/11/2017 14:00,0
11/11/2017 14:15,0
11/11/2017 14:30,3
11/11/2017 14:45,11
11/11/2017 15:00,24
11/11/2017 15:15,10
11/11/2017 15:30,3
11/11/2017 15:45,0
11/11/2017 16:00,0
11/11/2017 16:15,0
11/11/2017 16:30,22
11/11/2017 16:45,9
11/11/2017 17:00,8
11/11/2017 17:15,0
11/11/2017 17:30,2
11/11/2017 17:45,1
11/11/2017 18:00,2
11/11/2017 18:15,12
11/11/2017 18:30,24
11/11/2017 18:45,9
11/11/2017 19:00,2
11/11/2017 19:15,0
11/11/2017 19:30,0
11/11/2017 19:45,0
11/11/2017 20:00,24
11/11/2017 20:15,10
11/11/2017 20:30,13
11/11/2017 20:45,1
11/11/2017 21:00,0
11/11/2017 21:15,0
11/11/2017 21:30,1
11/11/2017 21:45,5
11/11/2017 22:00,24
11/11/2017 22:15,16
11/11/2017 22:30,9
11/11/2017 22:45,1
11/11/2017 23:00,0
11/11/2017 23:15,0
11/11/2017 23:30,0
11/11/2017 23:45,0
12/11/2017 00:00,0
12/11/2017 00:15,0
12/11/2017 00:30,0
12/11/2017 00:45,0
12/11/2017 01:00,0
12/11/2017 01:15,0
12/11/2017 01:30,0
12/11/2017 01:45,0
12/11/2017 02:00,0
12/11/2017 02:15,0
12/11/2017 02:30,0
12/11/2017 02:45,0
12/11/2017 03:00,0
12/11/2017 03:15,0
12/11/2017 03:30,0
12/11/2017 03:45,0
12/11/2017 04:00,0
12/11/2017 04:15,0
12/11/2017 04:30,0
12/11/2017 04:45,0
12/11/2017 05:00,0
12/11/2017 05:15,0
12/11/2017 05:30,0
12/11/2017 05:45,0
12/11/2017 06:00,0
12/11/2017 06:15,0
12/11/2017 06:30,0
12/11/2017 06:45,2
12/11/2017 07:00,52
12/11/2017 07:15,39
12/11/2017 07:30,16
12/11/2017 07:45,6
12/11/2017 08:00,2
12/11/2017 08:15,0
12/11/2017 08:30,1
12/11/2017 08:45,4
12/11/2017 09:00,16
12/11/2017 09:15,12
12/11/2017 09:30,11
12/11/2017 09:45,4
12/11/2017 10:00,0
12/11/2017 10:15,0
12/11/2017 10:30,5
12/11/2017 10:45,11
12/11/2017 11:00,26
12/11/2017 11:15,13
12/11/2017 11:30,5
12/11/2017 11:45,0
12/11/2017 12:00,0
12/11/2017 12:15,0
12/11/2017 12:30,8
12/11/2017 12:45,14
12/11/2017 13:00,25
12/11/2017 13:15,9
12/11/2017 13:30,4
12/11/2017 13:45,0
12/11/2017 14:00,0
12/11/2017 14:15,0
12/11/2017 14:30,14
12/11/2017 14:45,11
12/11/2017 15:00,27
12/11/2017 15:15,2
12/11/2017 15:30,5
12/11/2017 15:45,1
12/11/2017 16:00,0
12/11/2017 16:15,2
12/11/2017 16:30,13
12/11/2017 16:45,8
12/11/2017 17:00,18
12/11/2017 17:15,11
12/11/2017 17:30,3
12/11/2017 17:45,0
12/11/2017 18:00,0
12/11/2017 18:15,1
12/11/2017 18:30,11
12/11/2017 18:45,13
12/11/2017 19:00,24
12/11/2017 19:15,10
12/11/2017 19:30,10
12/11/2017 19:45,0
12/11/2017 20:00,0
12/11/2017 20:15,0
12/11/2017 20:30,4
12/11/2017 20:45,3
12/11/2017 21:00,20
12/11/2017 21:15,14
12/11/2017 21:30,22
12/11/2017 21:45,6
12/11/2017 22:00,3
12/11/2017 22:15,0
12/11/2017 22:30,0
12/11/2017 22:45,2
12/11/2017 23:00,3
12/11/2017 23:15,0
12/11/2017 23:30,0
12/11/2017 23:45,0
13/11/2017 00:00,0
13/11/2017 00:15,0
13/11/2017 00:30,0
13/11/2017 00:45,0
13/11/2017 01:00,0
13/11/2017 01:15,0
13/11/2017 01:30,0
13/11/2017 01:45,0
13/11/2017 02:00,0
13/11/2017 02:15,0
13/11/2017 02:30,0
13/11/2017 02:45,0
13/11/2017 03:00,0
13/11/2017 03:15,0
13/11/2017 03:30,0
13/11/2017 03:45,0
13/11/2017 04:00,1
13/11/2017 04:15,2
13/11/2017 04:30,2
13/11/2017 04:45,2
13/11/2017 05:00,5
13/11/2017 05:15,2
13/11/2017 05:30,3
13/11/2017 05:45,1
13/11/2017 06:00,2
13/11/2017 06:15,2
13/11/2017 06:30,2
13/11/2017 06:45,1
13/11/2017 07:00,47
13/11/2017 07:15,40
13/11/2017 07:30,15
13/11/2017 07:45,13
13/11/2017 08:00,11
13/11/2017 08:15,4
13/11/2017 08:30,2
13/11/2017 08:45,0
13/11/2017 09:00,1
13/11/2017 09:15,0
13/11/2017 09:30,0
13/11/2017 09:45,0
13/11/2017 10:00,1
13/11/2017 10:15,0
13/11/2017 10:30,0
13/11/2017 10:45,0
13/11/2017 11:00,0
13/11/2017 11:15,0
13/11/2017 11:30,0
13/11/2017 11:45,0
13/11/2017 12:00,0
13/11/2017 12:15,0
13/11/2017 12:30,0
13/11/2017 12:45,0
13/11/2017 13:00,0
13/11/2017 13:15,0
13/11/2017 13:30,0
13/11/2017 13:45,0
13/11/2017 14:00,0
13/11/2017 14:15,0
13/11/2017 14:30,0
13/11/2017 14:45,0
13/11/2017 15:00,0
13/11/2017 15:15,0
13/11/2017 15:30,0
13/11/2017 15:45,0
13/11/2017 16:00,51
13/11/2017 16:15,40
13/11/2017 16:30,24
13/11/2017 16:45,14
13/11/2017 17:00,5
13/11/2017 17:15,3
13/11/2017 17:30,0
13/11/2017 17:45,3
13/11/2017 18:00,25
13/11/2017 18:15,38
13/11/2017 18:30,13
13/11/2017 18:45,1
13/11/2017 19:00,3
13/11/2017 19:15,1
13/11/2017 19:30,10
13/11/2017 19:45,9
13/11/2017 20:00,26
13/11/2017 20:15,13
13/11/2017 20:30,18
13/11/2017 20:45,4
13/11/2017 21:00,4
13/11/2017 21:15,0
13/11/2017 21:30,3
13/11/2017 21:45,9
13/11/2017 22:00,17
13/11/2017 22:15,12
13/11/2017 22:30,28
13/11/2017 22:45,7
13/11/2017 23:00,1
13/11/2017 23:15,0
13/11/2017 23:30,0
13/11/2017 23:45,0
14/11/2017 00:00,0
14/11/2017 00:15,0
14/11/2017 00:30,0
14/11/2017 00:45,0
14/11/2017 01:00,0
14/11/2017 01:15,0
14/11/2017 01:30,0
14/11/2017 01:45,0
14/11/2017 02:00,0
14/11/2017 02:15,0
14/11/2017 02:30,0
14/11/2017 02:45,0
14/11/2017 03:00,0
14/11/2017 03:15,0
14/11/2017 03:30,0
14/11/2017 03:45,0
14/11/2017 04:00,0
14/11/2017 04:15,0
14/11/2017 04:30,0
14/11/2017 04:45,0
14/11/2017 05:00,0
14/11/2017 05:15,0
14/11/2017 05:30,0
14/11/2017 05:45,0
14/11/2017 06:00,0
14/11/2017 06:15,0
14/11/2017 06:30,0
14/11/2017 06:45,0
14/11/2017 07:00,41
14/11/2017 07:15,44
14/11/2017 07:30,26
14/11/2017 07:45,13
14/11/2017 08:00,4
14/11/2017 08:15,4
14/11/2017 08:30,2
14/11/2017 08:45,3
14/11/2017 09:00,0
14/11/2017 09:15,0
14/11/2017 09:30,0
14/11/2017 09:45,0
14/11/2017 10:00,0
14/11/2017 10:15,0
14/11/2017 10:30,0
14/11/2017 10:45,0
14/11/2017 11:00,0
14/11/2017 11:15,0
14/11/2017 11:30,0
14/11/2017 11:45,0
14/11/2017 12:00,0
14/11/2017 12:15,0
14/11/2017 12:30,0
14/11/2017 12:45,0
14/11/2017 13:00,0
14/11/2017 13:15,0
14/11/2017 13:30,0
14/11/2017 13:45,0
14/11/2017 14:00,0
14/11/2017 14:15,0
14/11/2017 14:30,0
14/11/2017 14:45,0
14/11/2017 15:00,0
14/11/2017 15:15,0
14/11/2017 15:30,0
14/11/2017 15:45,0
14/11/2017 16:00,46
14/11/2017 16:15,42
14/11/2017 16:30,13
14/11/2017 16:45,10
14/11/2017 17:00,8
14/11/2017 17:15,1
14/11/2017 17:30,0
14/11/2017 17:45,0
14/11/2017 18:00,8
14/11/2017 18:15,16
14/11/2017 18:30,23
14/11/2017 18:45,9
14/11/2017 19:00,3
14/11/2017 19:15,0
14/11/2017 19:30,0
14/11/2017 19:45,9
14/11/2017 20:00,25
14/11/2017 20:15,8
14/11/2017 20:30,2
14/11/2017 20:45,0
14/11/2017 21:00,0
14/11/2017 21:15,3
14/11/2017 21:30,13
14/11/2017 21:45,11
14/11/2017 22:00,19
14/11/2017 22:15,7
14/11/2017 22:30,2
14/11/2017 22:45,0
14/11/2017 23:00,0
14/11/2017 23:15,0
14/11/2017 23:30,0
14/11/2017 23:45,0
15/11/2017 00:00,0
15/11/2017 00:15,0
15/11/2017 00:30,0
15/11/2017 00:45,0
15/11/2017 01:00,0
15/11/2017 01:15,0
15/11/2017 01:30,0
15/11/2017 01:45,0
15/11/2017 02:00,0
15/11/2017 02:15,0
15/11/2017 02:30,0
15/11/2017 02:45,0
15/11/2017 03:00,0
15/11/2017 03:15,0
15/11/2017 03:30,0
15/11/2017 03:45,0
15/11/2017 04:00,0
15/11/2017 04:15,0
15/11/2017 04:30,0
15/11/2017 04:45,0
15/11/2017 05:00,0
15/11/2017 05:15,0
15/11/2017 05:30,0
15/11/2017 05:45,0
15/11/2017 06:00,0
15/11/2017 06:15,0
15/11/2017 06:30,0
15/11/2017 06:45,0
15/11/2017 07:00,49
15/11/2017 07:15,39
15/11/2017 07:30,16
15/11/2017 07:45,0
15/11/2017 08:00,2
15/11/2017 08:15,0
15/11/2017 08:30,1
15/11/2017 08:45,5
15/11/2017 09:00,1
15/11/2017 09:15,0
15/11/2017 09:30,0
15/11/2017 09:45,0
15/11/2017 10:00,0
15/11/2017 10:15,0
15/11/2017 10:30,0
15/11/2017 10:45,0
15/11/2017 11:00,0
15/11/2017 11:15,0
15/11/2017 11:30,0
15/11/2017 11:45,0
15/11/2017 12:00,0
15/11/2017 12:15,0
15/11/2017 12:30,0
15/11/2017 12:45,0
15/11/2017 13:00,0
15/11/2017 13:15,0
15/11/2017 13:30,0
15/11/2017 13:45,0
15/11/2017 14:00,0
15/11/2017 14:15,0
15/11/2017 14:30,0
15/11/2017 14:45,0
15/11/2017 15:00,0
15/11/2017 15:15,0
15/11/2017 15:30,0
15/11/2017 15:45,2
15/11/2017 16:00,52
15/11/2017 16:15,36
15/11/2017 16:30,15
15/11/2017 16:45,5
15/11/2017 17:00,4
15/11/2017 17:15,0
15/11/2017 17:30,0
15/11/2017 17:45,6
15/11/2017 18:00,20
15/11/2017 18:15,6
15/11/2017 18:30,7
15/11/2017 18:45,0
15/11/2017 19:00,0
15/11/2017 19:15,1
15/11/2017 19:30,12
15/11/2017 19:45,9
15/11/2017 20:00,22
15/11/2017 20:15,9
15/11/2017 20:30,8
15/11/2017 20:45,0
15/11/2017 21:00,0
15/11/2017 21:15,0
15/11/2017 21:30,2
15/11/2017 21:45,19
15/11/2017 22:00,15
15/11/2017 22:15,0
15/11/2017 22:30,4
15/11/2017 22:45,1
15/11/2017 23:00,0
15/11/2017 23:15,0
15/11/2017 23:30,0
15/11/2017 23:45,0
16/11/2017 00:00,0
16/11/2017 00:15,0
16/11/2017 00:30,0
16/11/2017 00:45,0
16/11/2017 01:00,0
16/11/2017 01:15,0
16/11/2017 01:30,0
16/11/2017 01:45,0
16/11/2017 02:00,0
16/11/2017 02:15,0
16/11/2017 02:30,0
16/11/2017 02:45,0
16/11/2017 03:00,0
16/11/2017 03:15,0
16/11/2017 03:30,0
16/11/2017 03:45,0
16/11/2017 04:00,0
16/11/2017 04:15,0
16/11/2017 04:30,0
16/11/2017 04:45,0
16/11/2017 05:00,0
16/11/2017 05:15,0
16/11/2017 05:30,0
16/11/2017 05:45,0
16/11/2017 06:00,0
16/11/2017 06:15,0
16/11/2017 06:30,0
16/11/2017 06:45,0
16/11/2017 07:00,43
16/11/2017 07:15,44
16/11/2017 07:30,18
16/11/2017 07:45,2
16/11/2017 08:00,3
16/11/2017 08:15,0
16/11/2017 08:30,0
16/11/2017 08:45,3
16/11/2017 09:00,0
16/11/2017 09:15,0
16/11/2017 09:30,0
16/11/2017 09:45,0
16/11/2017 10:00,0
16/11/2017 10:15,0
16/11/2017 10:30,0
16/11/2017 10:45,0
16/11/2017 11:00,0
16/11/2017 11:15,0
16/11/2017 11:30,0
16/11/2017 11:45,0
16/11/2017 12:00,0
16/11/2017 12:15,0
16/11/2017 12:30,0
16/11/2017 12:45,0
16/11/2017 13:00,0
16/11/2017 13:15,0
16/11/2017 13:30,0
16/11/2017 13:45,0
16/11/2017 14:00,0
16/11/2017 14:15,0
16/11/2017 14:30,0
16/11/2017 14:45,0
16/11/2017 15:00,0
16/11/2017 15:15,1
16/11/2017 15:30,0
16/11/2017 15:45,0
16/11/2017 16:00,36
16/11/2017 16:15,38
16/11/2017 16:30,9
16/11/2017 16:45,9
16/11/2017 17:00,8
16/11/2017 17:15,0
16/11/2017 17:30,0
16/11/2017 17:45,0
16/11/2017 18:00,2
16/11/2017 18:15,8
16/11/2017 18:30,16
16/11/2017 18:45,8
16/11/2017 19:00,23
16/11/2017 19:15,7
16/11/2017 19:30,7
16/11/2017 19:45,0
16/11/2017 20:00,0
16/11/2017 20:15,2
16/11/2017 20:30,20
16/11/2017 20:45,7
16/11/2017 21:00,7
16/11/2017 21:15,1
16/11/2017 21:30,3
16/11/2017 21:45,3
16/11/2017 22:00,11
16/11/2017 22:15,9
16/11/2017 22:30,24
16/11/2017 22:45,8
16/11/2017 23:00,3
16/11/2017 23:15,0
16/11/2017 23:30,0
16/11/2017 23:45,0
17/11/2017 00:00,0
17/11/2017 00:15,0
17/11/2017 00:30,0
17/11/2017 00:45,0
17/11/2017 01:00,0
17/11/2017 01:15,0
17/11/2017 01:30,0
17/11/2017 01:45,0
17/11/2017 02:00,0
17/11/2017 02:15,0
17/11/2017 02:30,0
17/11/2017 02:45,0
17/11/2017 03:00,0
17/11/2017 03:15,0
17/11/2017 03:30,0
17/11/2017 03:45,0
17/11/2017 04:00,0
17/11/2017 04:15,0
17/11/2017 04:30,0
17/11/2017 04:45,0
17/11/2017 05:00,0
17/11/2017 05:15,0
17/11/2017 05:30,0
17/11/2017 05:45,0
17/11/2017 06:00,0
17/11/2017 06:15,0
17/11/2017 06:30,0
17/11/2017 06:45,259
17/11/2017 07:00,143
17/11/2017 07:15,71
17/11/2017 07:30,63
17/11/2017 07:45,49
17/11/2017 08:00,16
17/11/2017 08:15,30
17/11/2017 08:30,7
17/11/2017 08:45,15
17/11/2017 09:00,23
17/11/2017 09:15,4
17/11/2017 09:30,1
17/11/2017 09:45,0
17/11/2017 10:00,0
17/11/2017 10:15,0
17/11/2017 10:30,0
17/11/2017 10:45,0
17/11/2017 11:00,0
17/11/2017 11:15,0
17/11/2017 11:30,0
17/11/2017 11:45,0
17/11/2017 12:00,0
17/11/2017 12:15,0
17/11/2017 12:30,0
17/11/2017 12:45,0
17/11/2017 13:00,0
17/11/2017 13:15,0
17/11/2017 13:30,0
17/11/2017 13:45,0
17/11/2017 14:00,0
17/11/2017 14:15,0
17/11/2017 14:30,0
17/11/2017 14:45,0
17/11/2017 15:00,0
17/11/2017 15:15,0
17/11/2017 15:30,0
17/11/2017 15:45,0
17/11/2017 16:00,41
17/11/2017 16:15,45
17/11/2017 16:30,21
17/11/2017 16:45,16
17/11/2017 17:00,8
17/11/2017 17:15,0
17/11/2017 17:30,2
17/11/2017 17:45,1
17/11/2017 18:00,13
17/11/2017 18:15,26
17/11/2017 18:30,29
17/11/2017 18:45,3
17/11/2017 19:00,8
17/11/2017 19:15,0
17/11/2017 19:30,1
17/11/2017 19:45,4
17/11/2017 20:00,33
17/11/2017 20:15,14
17/11/2017 20:30,15
17/11/2017 20:45,7
17/11/2017 21:00,3
17/11/2017 21:15,0
17/11/2017 21:30,0
17/11/2017 21:45,6
17/11/2017 22:00,13
17/11/2017 22:15,37
17/11/2017 22:30,10
17/11/2017 22:45,3
17/11/2017 23:00,0
17/11/2017 23:15,0
17/11/2017 23:30,0
17/11/2017 23:45,0
18/11/2017 00:00,0
18/11/2017 00:15,0
18/11/2017 00:30,0
18/11/2017 00:45,0
18/11/2017 01:00,0
18/11/2017 01:15,0
18/11/2017 01:30,0
18/11/2017 01:45,0
18/11/2017 02:00,0
18/11/2017 02:15,0
18/11/2017 02:30,0
18/11/2017 02:45,0
18/11/2017 03:00,0
18/11/2017 03:15,0
18/11/2017 03:30,0
18/11/2017 03:45,0
18/11/2017 04:00,0
18/11/2017 04:15,0
18/11/2017 04:30,0
18/11/2017 04:45,0
18/11/2017 05:00,0
18/11/2017 05:15,0
18/11/2017 05:30,0
18/11/2017 05:45,0
18/11/2017 06:00,0
18/11/2017 06:15,0
18/11/2017 06:30,0
18/11/2017 06:45,0
18/11/2017 07:00,44
18/11/2017 07:15,43
18/11/2017 07:30,25
18/11/2017 07:45,15
18/11/2017 08:00,7
18/11/2017 08:15,4
18/11/2017 08:30,7
18/11/2017 08:45,3
18/11/2017 09:00,8
18/11/2017 09:15,5
18/11/2017 09:30,18
18/11/2017 09:45,12
18/11/2017 10:00,21
18/11/2017 10:15,7
18/11/2017 10:30,8
18/11/2017 10:45,2
18/11/2017 11:00,2
18/11/2017 11:15,2
18/11/2017 11:30,12
18/11/2017 11:45,8
18/11/2017 12:00,26
18/11/2017 12:15,10
18/11/2017 12:30,12
18/11/2017 12:45,3
18/11/2017 13:00,0
18/11/2017 13:15,0
18/11/2017 13:30,4
18/11/2017 13:45,10
18/11/2017 14:00,23
18/11/2017 14:15,13
18/11/2017 14:30,13
18/11/2017 14:45,1
18/11/2017 15:00,0
18/11/2017 15:15,0
18/11/2017 15:30,4
18/11/2017 15:45,6
18/11/2017 16:00,17
18/11/2017 16:15,11
18/11/2017 16:30,24
18/11/2017 16:45,4
18/11/2017 17:00,0
18/11/2017 17:15,0
18/11/2017 17:30,1
18/11/2017 17:45,3
18/11/2017 18:00,7
18/11/2017 18:15,5
18/11/2017 18:30,26
18/11/2017 18:45,17
18/11/2017 19:00,10
18/11/2017 19:15,3
18/11/2017 19:30,0
18/11/2017 19:45,0
18/11/2017 20:00,8
18/11/2017 20:15,10
18/11/2017 20:30,20
18/11/2017 20:45,2
18/11/2017 21:00,8
18/11/2017 21:15,1
18/11/2017 21:30,3
18/11/2017 21:45,3
18/11/2017 22:00,16
18/11/2017 22:15,12
18/11/2017 22:30,22
18/11/2017 22:45,1
18/11/2017 23:00,0
18/11/2017 23:15,0
18/11/2017 23:30,0
18/11/2017 23:45,0
19/11/2017 00:00,0
19/11/2017 00:15,0
19/11/2017 00:30,0
19/11/2017 00:45,0
19/11/2017 01:00,0
19/11/2017 01:15,0
19/11/2017 01:30,0
19/11/2017 01:45,0
19/11/2017 02:00,0
19/11/2017 02:15,0
19/11/2017 02:30,0
19/11/2017 02:45,0
19/11/2017 03:00,0
19/11/2017 03:15,0
19/11/2017 03:30,0
19/11/2017 03:45,0
19/11/2017 04:00,0
19/11/2017 04:15,0
19/11/2017 04:30,0
19/11/2017 04:45,0
19/11/2017 05:00,0
19/11/2017 05:15,0
19/11/2017 05:30,1
19/11/2017 05:45,2
19/11/2017 06:00,2
19/11/2017 06:15,2
19/11/2017 06:30,2
19/11/2017 06:45,3
19/11/2017 07:00,50
19/11/2017 07:15,38
19/11/2017 07:30,21
19/11/2017 07:45,7
19/11/2017 08:00,6
19/11/2017 08:15,3
19/11/2017 08:30,2
19/11/2017 08:45,3
19/11/2017 09:00,16
19/11/2017 09:15,12
19/11/2017 09:30,24
19/11/2017 09:45,11
19/11/2017 10:00,14
19/11/2017 10:15,3
19/11/2017 10:30,0
19/11/2017 10:45,0
19/11/2017 11:00,14
19/11/2017 11:15,9
19/11/2017 11:30,25
19/11/2017 11:45,10
19/11/2017 12:00,12
19/11/2017 12:15,1
19/11/2017 12:30,0
19/11/2017 12:45,0
19/11/2017 13:00,6
19/11/2017 13:15,27
19/11/2017 13:30,25
19/11/2017 13:45,9
19/11/2017 14:00,7
19/11/2017 14:15,0
19/11/2017 14:30,0
19/11/2017 14:45,0
19/11/2017 15:00,29
19/11/2017 15:15,9
19/11/2017 15:30,11
19/11/2017 15:45,3
19/11/2017 16:00,0
19/11/2017 16:15,1
19/11/2017 16:30,8
19/11/2017 16:45,15
19/11/2017 17:00,26
19/11/2017 17:15,10
19/11/2017 17:30,5
19/11/2017 17:45,0
19/11/2017 18:00,0
19/11/2017 18:15,3
19/11/2017 18:30,24
19/11/2017 18:45,11
19/11/2017 19:00,5
19/11/2017 19:15,1
19/11/2017 19:30,2
19/11/2017 19:45,2
19/11/2017 20:00,18
19/11/2017 20:15,13
19/11/2017 20:30,22
19/11/2017 20:45,0
19/11/2017 21:00,3
19/11/2017 21:15,0
19/11/2017 21:30,4
19/11/2017 21:45,4
19/11/2017 22:00,12
19/11/2017 22:15,8
19/11/2017 22:30,29
19/11/2017 22:45,5
19/11/2017 23:00,1
19/11/2017 23:15,1
19/11/2017 23:30,0
19/11/2017 23:45,0
20/11/2017 00:00,0
20/11/2017 00:15,0
20/11/2017 00:30,0
20/11/2017 00:45,0
20/11/2017 01:00,0
20/11/2017 01:15,0
20/11/2017 01:30,0
20/11/2017 01:45,0
20/11/2017 02:00,0
20/11/2017 02:15,0
20/11/2017 02:30,0
20/11/2017 02:45,0
20/11/2017 03:00,0
20/11/2017 03:15,0
20/11/2017 03:30,0
20/11/2017 03:45,0
20/11/2017 04:00,0
20/11/2017 04:15,0
20/11/2017 04:30,0
20/11/2017 04:45,0
20/11/2017 05:00,0
20/11/2017 05:15,0
20/11/2017 05:30,3
20/11/2017 05:45,1
20/11/2017 06:00,3
20/11/2017 06:15,2
20/11/2017 06:30,2
20/11/2017 06:45,0
20/11/2017 07:00,46
20/11/2017 07:15,41
20/11/2017 07:30,18
20/11/2017 07:45,6
20/11/2017 08:00,6
20/11/2017 08:15,0
20/11/2017 08:30,1
20/11/2017 08:45,3
20/11/2017 09:00,7
20/11/2017 09:15,2
20/11/2017 09:30,4
20/11/2017 09:45,0
20/11/2017 10:00,0
20/11/2017 10:15,0
20/11/2017 10:30,0
20/11/2017 10:45,0
20/11/2017 11:00,0
20/11/2017 11:15,0
20/11/2017 11:30,0
20/11/2017 11:45,0
20/11/2017 12:00,0
20/11/2017 12:15,0
20/11/2017 12:30,0
20/11/2017 12:45,0
20/11/2017 13:00,0
20/11/2017 13:15,0
20/11/2017 13:30,0
20/11/2017 13:45,0
20/11/2017 14:00,0
20/11/2017 14:15,0
20/11/2017 14:30,0
20/11/2017 14:45,0
20/11/2017 15:00,0
20/11/2017 15:15,0
20/11/2017 15:30,0
20/11/2017 15:45,0
20/11/2017 16:00,50
20/11/2017 16:15,40
20/11/2017 16:30,17
20/11/2017 16:45,3
20/11/2017 17:00,3
20/11/2017 17:15,0
20/11/2017 17:30,2
20/11/2017 17:45,2
20/11/2017 18:00,16
20/11/2017 18:15,10
20/11/2017 18:30,20
20/11/2017 18:45,5
20/11/2017 19:00,0
20/11/2017 19:15,0
20/11/2017 19:30,0
20/11/2017 19:45,8
20/11/2017 20:00,19
20/11/2017 20:15,9
20/11/2017 20:30,17
20/11/2017 20:45,1
20/11/2017 21:00,1
20/11/2017 21:15,0
20/11/2017 21:30,0
20/11/2017 21:45,18
20/11/2017 22:00,17
20/11/2017 22:15,1
20/11/2017 22:30,1
20/11/2017 22:45,0
20/11/2017 23:00,0
20/11/2017 23:15,0
20/11/2017 23:30,0
20/11/2017 23:45,0
21/11/2017 00:00,0
21/11/2017 00:15,0
21/11/2017 00:30,0
21/11/2017 00:45,0
21/11/2017 01:00,0
21/11/2017 01:15,0
21/11/2017 01:30,0
21/11/2017 01:45,0
21/11/2017 02:00,0
21/11/2017 02:15,0
21/11/2017 02:30,0
21/11/2017 02:45,0
21/11/2017 03:00,0
21/11/2017 03:15,0
21/11/2017 03:30,0
21/11/2017 03:45,0
21/11/2017 04:00,0
21/11/2017 04:15,0
21/11/2017 04:30,0
21/11/2017 04:45,0
21/11/2017 05:00,0
21/11/2017 05:15,0
21/11/2017 05:30,0
21/11/2017 05:45,0
21/11/2017 06:00,0
21/11/2017 06:15,0
21/11/2017 06:30,0
21/11/2017 06:45,2
21/11/2017 07:00,52
21/11/2017 07:15,36
21/11/2017 07:30,11
21/11/2017 07:45,7
21/11/2017 08:00,2
21/11/2017 08:15,0
21/11/2017 08:30,0
21/11/2017 08:45,6
21/11/2017 09:00,1
21/11/2017 09:15,0
21/11/2017 09:30,0
21/11/2017 09:45,0
21/11/2017 10:00,0
21/11/2017 10:15,0
21/11/2017 10:30,0
21/11/2017 10:45,0
21/11/2017 11:00,0
21/11/2017 11:15,0
21/11/2017 11:30,0
21/11/2017 11:45,0
21/11/2017 12:00,0
21/11/2017 12:15,0
21/11/2017 12:30,0
21/11/2017 12:45,0
21/11/2017 13:00,0
21/11/2017 13:15,0
21/11/2017 13:30,0
21/11/2017 13:45,0
21/11/2017 14:00,0
21/11/2017 14:15,0
21/11/2017 14:30,0
21/11/2017 14:45,0
21/11/2017 15:00,0
21/11/2017 15:15,0
21/11/2017 15:30,0
21/11/2017 15:45,0
21/11/2017 16:00,45
21/11/2017 16:15,40
21/11/2017 16:30,11
21/11/2017 16:45,5
21/11/2017 17:00,0
21/11/2017 17:15,0
21/11/2017 17:30,0
21/11/2017 17:45,1
21/11/2017 18:00,21
21/11/2017 18:15,6
21/11/2017 18:30,9
21/11/2017 18:45,0
21/11/2017 19:00,0
21/11/2017 19:15,0
21/11/2017 19:30,1
21/11/2017 19:45,8
21/11/2017 20:00,21
21/11/2017 20:15,13
21/11/2017 20:30,9
21/11/2017 20:45,3
21/11/2017 21:00,0
21/11/2017 21:15,0
21/11/2017 21:30,0
21/11/2017 21:45,1
21/11/2017 22:00,18
21/11/2017 22:15,11
21/11/2017 22:30,6
21/11/2017 22:45,0
21/11/2017 23:00,0
21/11/2017 23:15,0
21/11/2017 23:30,0
21/11/2017 23:45,0
22/11/2017 00:00,0
22/11/2017 00:15,0
22/11/2017 00:30,0
22/11/2017 00:45,0
22/11/2017 01:00,0
22/11/2017 01:15,0
22/11/2017 01:30,0
22/11/2017 01:45,0
22/11/2017 02:00,0
22/11/2017 02:15,0
22/11/2017 02:30,0
22/11/2017 02:45,0
22/11/2017 03:00,0
22/11/2017 03:15,0
22/11/2017 03:30,0
22/11/2017 03:45,0
22/11/2017 04:00,0
22/11/2017 04:15,0
22/11/2017 04:30,0
22/11/2017 04:45,0
22/11/2017 05:00,0
22/11/2017 05:15,0
22/11/2017 05:30,0
22/11/2017 05:45,0
22/11/2017 06:00,0
22/11/2017 06:15,0
22/11/2017 06:30,0
22/11/2017 06:45,0
22/11/2017 07:00,35
22/11/2017 07:15,38
22/11/2017 07:30,17
22/11/2017 07:45,1
22/11/2017 08:00,2
22/11/2017 08:15,0
22/11/2017 08:30,0
22/11/2017 08:45,1
22/11/2017 09:00,2
22/11/2017 09:15,0
22/11/2017 09:30,0
22/11/2017 09:45,0
22/11/2017 10:00,0
22/11/2017 10:15,0
22/11/2017 10:30,0
22/11/2017 10:45,0
22/11/2017 11:00,0
22/11/2017 11:15,0
22/11/2017 11:30,0
22/11/2017 11:45,0
22/11/2017 12:00,0
22/11/2017 12:15,0
22/11/2017 12:30,0
22/11/2017 12:45,0
22/11/2017 13:00,0
22/11/2017 13:15,0
22/11/2017 13:30,0
22/11/2017 13:45,0
22/11/2017 14:00,0
22/11/2017 14:15,0
22/11/2017 14:30,0
22/11/2017 14:45,0
22/11/2017 15:00,0
22/11/2017 15:15,0
22/11/2017 15:30,0
22/11/2017 15:45,1
22/11/2017 16:00,51
22/11/2017 16:15,31
22/11/2017 16:30,8
22/11/2017 16:45,3
22/11/2017 17:00,1
22/11/2017 17:15,0
22/11/2017 17:30,0
22/11/2017 17:45,5
22/11/2017 18:00,22
22/11/2017 18:15,0
22/11/2017 18:30,1
22/11/2017 18:45,0
22/11/2017 19:00,0
22/11/2017 19:15,9
22/11/2017 19:30,25
22/11/2017 19:45,7
22/11/2017 20:00,3
22/11/2017 20:15,0
22/11/2017 20:30,0
22/11/2017 20:45,0
22/11/2017 21:00,8
22/11/2017 21:15,10
22/11/2017 21:30,13
22/11/2017 21:45,2
22/11/2017 22:00,0
22/11/2017 22:15,0
22/11/2017 22:30,0
22/11/2017 22:45,0
22/11/2017 23:00,1
22/11/2017 23:15,0
22/11/2017 23:30,0
22/11/2017 23:45,0
23/11/2017 00:00,0
23/11/2017 00:15,0
23/11/2017 00:30,0
23/11/2017 00:45,0
23/11/2017 01:00,0
23/11/2017 01:15,0
23/11/2017 01:30,0
23/11/2017 01:45,0
23/11/2017 02:00,0
23/11/2017 02:15,0
23/11/2017 02:30,0
23/11/2017 02:45,0
23/11/2017 03:00,0
23/11/2017 03:15,0
23/11/2017 03:30,0
23/11/2017 03:45,0
23/11/2017 04:00,0
23/11/2017 04:15,0
23/11/2017 04:30,0
23/11/2017 04:45,0
23/11/2017 05:00,0
23/11/2017 05:15,0
23/11/2017 05:30,0
23/11/2017 05:45,0
23/11/2017 06:00,0
23/11/2017 06:15,0
23/11/2017 06:30,0
23/11/2017 06:45,0
23/11/2017 07:00,41
23/11/2017 07:15,44
23/11/2017 07:30,12
23/11/2017 07:45,3
23/11/2017 08:00,4
23/11/2017 08:15,0
23/11/2017 08:30,0
23/11/2017 08:45,0
23/11/2017 09:00,0
23/11/2017 09:15,0
23/11/2017 09:30,0
23/11/2017 09:45,0
23/11/2017 10:00,0
23/11/2017 10:15,0
23/11/2017 10:30,0
23/11/2017 10:45,0
23/11/2017 11:00,0
23/11/2017 11:15,0
23/11/2017 11:30,0
23/11/2017 11:45,0
23/11/2017 12:00,0
23/11/2017 12:15,0
23/11/2017 12:30,0
23/11/2017 12:45,0
23/11/2017 13:00,0
23/11/2017 13:15,0
23/11/2017 13:30,0
23/11/2017 13:45,0
23/11/2017 14:00,0
23/11/2017 14:15,0
23/11/2017 14:30,0
23/11/2017 14:45,0
23/11/2017 15:00,0
23/11/2017 15:15,0
23/11/2017 15:30,0
23/11/2017 15:45,0
23/11/2017 16:00,46
23/11/2017 16:15,42
23/11/2017 16:30,13
23/11/2017 16:45,0
23/11/2017 17:00,3
23/11/2017 17:15,0
23/11/2017 17:30,2
23/11/2017 17:45,5
23/11/2017 18:00,20
23/11/2017 18:15,7
23/11/2017 18:30,2
23/11/2017 18:45,0
23/11/2017 19:00,0
23/11/2017 19:15,1
23/11/2017 19:30,12
23/11/2017 19:45,12
23/11/2017 20:00,28
23/11/2017 20:15,10
23/11/2017 20:30,3
23/11/2017 20:45,0
23/11/2017 21:00,0
23/11/2017 21:15,0
23/11/2017 21:30,21
23/11/2017 21:45,9
23/11/2017 22:00,15
23/11/2017 22:15,1
23/11/2017 22:30,2
23/11/2017 22:45,2
23/11/2017 23:00,2
23/11/2017 23:15,0
23/11/2017 23:30,0
23/11/2017 23:45,0
24/11/2017 00:00,0
24/11/2017 00:15,0
24/11/2017 00:30,0
24/11/2017 00:45,0
24/11/2017 01:00,0
24/11/2017 01:15,0
24/11/2017 01:30,0
24/11/2017 01:45,0
24/11/2017 02:00,0
24/11/2017 02:15,0
24/11/2017 02:30,0
24/11/2017 02:45,0
24/11/2017 03:00,0
24/11/2017 03:15,0
24/11/2017 03:30,0
24/11/2017 03:45,0
24/11/2017 04:00,0
24/11/2017 04:15,0
24/11/2017 04:30,0
24/11/2017 04:45,0
24/11/2017 05:00,0
24/11/2017 05:15,0
24/11/2017 05:30,0
24/11/2017 05:45,0
24/11/2017 06:00,0
24/11/2017 06:15,0
24/11/2017 06:30,0
24/11/2017 06:45,0
24/11/2017 07:00,49
24/11/2017 07:15,43
24/11/2017 07:30,21
24/11/2017 07:45,7
24/11/2017 08:00,5
24/11/2017 08:15,1
24/11/2017 08:30,2
24/11/2017 08:45,4
24/11/2017 09:00,0
24/11/2017 09:15,0
24/11/2017 09:30,0
24/11/2017 09:45,0
24/11/2017 10:00,0
24/11/2017 10:15,0
24/11/2017 10:30,0
24/11/2017 10:45,0
24/11/2017 11:00,0
24/11/2017 11:15,0
24/11/2017 11:30,0
24/11/2017 11:45,0
24/11/2017 12:00,0
24/11/2017 12:15,0
24/11/2017 12:30,0
24/11/2017 12:45,0
24/11/2017 13:00,0
24/11/2017 13:15,0
24/11/2017 13:30,0
24/11/2017 13:45,0
24/11/2017 14:00,0
24/11/2017 14:15,0
24/11/2017 14:30,0
24/11/2017 14:45,0
24/11/2017 15:00,0
24/11/2017 15:15,0
24/11/2017 15:30,0
24/11/2017 15:45,2
24/11/2017 16:00,52
24/11/2017 16:15,39
24/11/2017 16:30,17
24/11/2017 16:45,6
24/11/2017 17:00,9
24/11/2017 17:15,1
24/11/2017 17:30,0
24/11/2017 17:45,2
24/11/2017 18:00,19
24/11/2017 18:15,21
24/11/2017 18:30,15
24/11/2017 18:45,7
24/11/2017 19:00,5
24/11/2017 19:15,2
24/11/2017 19:30,3
24/11/2017 19:45,3
24/11/2017 20:00,11
24/11/2017 20:15,12
24/11/2017 20:30,31
24/11/2017 20:45,6
24/11/2017 21:00,11
24/11/2017 21:15,0
24/11/2017 21:30,0
24/11/2017 21:45,0
24/11/2017 22:00,7
24/11/2017 22:15,7
24/11/2017 22:30,39
24/11/2017 22:45,15
24/11/2017 23:00,0
24/11/2017 23:15,0
24/11/2017 23:30,0
24/11/2017 23:45,0
25/11/2017 00:00,0
25/11/2017 00:15,0
25/11/2017 00:30,0
25/11/2017 00:45,0
25/11/2017 01:00,0
25/11/2017 01:15,0
25/11/2017 01:30,0
25/11/2017 01:45,0
25/11/2017 02:00,0
25/11/2017 02:15,0
25/11/2017 02:30,0
25/11/2017 02:45,0
25/11/2017 03:00,0
25/11/2017 03:15,0
25/11/2017 03:30,0
25/11/2017 03:45,370
25/11/2017 04:00,614
25/11/2017 04:15,442
25/11/2017 04:30,0
25/11/2017 04:45,0
25/11/2017 05:00,0
25/11/2017 05:15,0
25/11/2017 05:30,3
25/11/2017 05:45,57
25/11/2017 06:00,0
25/11/2017 06:15,0
25/11/2017 06:30,17
25/11/2017 06:45,0
25/11/2017 07:00,41
25/11/2017 07:15,45
25/11/2017 07:30,26
25/11/2017 07:45,15
25/11/2017 08:00,5
25/11/2017 08:15,7
25/11/2017 08:30,6
25/11/2017 08:45,2
25/11/2017 09:00,6
25/11/2017 09:15,7
25/11/2017 09:30,44
25/11/2017 09:45,18
25/11/2017 10:00,0
25/11/2017 10:15,5
25/11/2017 10:30,9
25/11/2017 10:45,5
25/11/2017 11:00,11
25/11/2017 11:15,10
25/11/2017 11:30,16
25/11/2017 11:45,10
25/11/2017 12:00,16
25/11/2017 12:15,8
25/11/2017 12:30,7
25/11/2017 12:45,0
25/11/2017 13:00,2
25/11/2017 13:15,2
25/11/2017 13:30,16
25/11/2017 13:45,24
25/11/2017 14:00,30
25/11/2017 14:15,8
25/11/2017 14:30,5
25/11/2017 14:45,0
25/11/2017 15:00,0
25/11/2017 15:15,2
25/11/2017 15:30,17
25/11/2017 15:45,13
25/11/2017 16:00,24
25/11/2017 16:15,9
25/11/2017 16:30,12
25/11/2017 16:45,2
25/11/2017 17:00,0
25/11/2017 17:15,0
25/11/2017 17:30,7
25/11/2017 17:45,7
25/11/2017 18:00,38
25/11/2017 18:15,20
25/11/2017 18:30,12
25/11/2017 18:45,2
25/11/2017 19:00,0
25/11/2017 19:15,0
25/11/2017 19:30,2
25/11/2017 19:45,7
25/11/2017 20:00,35
25/11/2017 20:15,17
25/11/2017 20:30,9
25/11/2017 20:45,2
25/11/2017 21:00,0
25/11/2017 21:15,0
25/11/2017 21:30,3
25/11/2017 21:45,5
25/11/2017 22:00,28
25/11/2017 22:15,25
25/11/2017 22:30,16
25/11/2017 22:45,3
25/11/2017 23:00,0
25/11/2017 23:15,0
25/11/2017 23:30,0
25/11/2017 23:45,0
26/11/2017 00:00,0
26/11/2017 00:15,0
26/11/2017 00:30,0
26/11/2017 00:45,0
26/11/2017 01:00,0
26/11/2017 01:15,0
26/11/2017 01:30,0
26/11/2017 01:45,0
26/11/2017 02:00,0
26/11/2017 02:15,1
26/11/2017 02:30,3
26/11/2017 02:45,1
26/11/2017 03:00,2
26/11/2017 03:15,2
26/11/2017 03:30,2
26/11/2017 03:45,2
26/11/2017 04:00,2
26/11/2017 04:15,0
26/11/2017 04:30,0
26/11/2017 04:45,0
26/11/2017 05:00,0
26/11/2017 05:15,2
26/11/2017 05:30,4
26/11/2017 05:45,4
26/11/2017 06:00,5
26/11/2017 06:15,3
26/11/2017 06:30,3
26/11/2017 06:45,3
26/11/2017 07:00,49
26/11/2017 07:15,36
26/11/2017 07:30,20
26/11/2017 07:45,11
26/11/2017 08:00,9
26/11/2017 08:15,10
26/11/2017 08:30,8
26/11/2017 08:45,4
26/11/2017 09:00,5
26/11/2017 09:15,3
26/11/2017 09:30,10
26/11/2017 09:45,10
26/11/2017 10:00,34
26/11/2017 10:15,22
26/11/2017 10:30,11
26/11/2017 10:45,3
26/11/2017 11:00,2
26/11/2017 11:15,0
26/11/2017 11:30,4
26/11/2017 11:45,24
26/11/2017 12:00,33
26/11/2017 12:15,11
26/11/2017 12:30,8
26/11/2017 12:45,1
26/11/2017 13:00,1
26/11/2017 13:15,1
26/11/2017 13:30,14
26/11/2017 13:45,13
26/11/2017 14:00,25
26/11/2017 14:15,14
26/11/2017 14:30,7
26/11/2017 14:45,3
26/11/2017 15:00,2
26/11/2017 15:15,1
26/11/2017 15:30,11
26/11/2017 15:45,9
26/11/2017 16:00,15
26/11/2017 16:15,12
26/11/2017 16:30,19
26/11/2017 16:45,2
26/11/2017 17:00,7
26/11/2017 17:15,2
26/11/2017 17:30,3
26/11/2017 17:45,4
26/11/2017 18:00,16
26/11/2017 18:15,14
26/11/2017 18:30,23
26/11/2017 18:45,9
26/11/2017 19:00,4
26/11/2017 19:15,1
26/11/2017 19:30,0
26/11/2017 19:45,1
26/11/2017 20:00,32
26/11/2017 20:15,14
26/11/2017 20:30,20
26/11/2017 20:45,1
26/11/2017 21:00,1
26/11/2017 21:15,0
26/11/2017 21:30,2
26/11/2017 21:45,7
26/11/2017 22:00,16
26/11/2017 22:15,13
26/11/2017 22:30,25
26/11/2017 22:45,5
26/11/2017 23:00,0
26/11/2017 23:15,0
26/11/2017 23:30,0
26/11/2017 23:45,0
27/11/2017 00:00,0
27/11/2017 00:15,0
27/11/2017 00:30,0
27/11/2017 00:45,0
27/11/2017 01:00,0
27/11/2017 01:15,0
27/11/2017 01:30,0
27/11/2017 01:45,0
27/11/2017 02:00,0
27/11/2017 02:15,0
27/11/2017 02:30,0
27/11/2017 02:45,0
27/11/2017 03:00,0
27/11/2017 03:15,1
27/11/2017 03:30,3
27/11/2017 03:45,1
27/11/2017 04:00,3
27/11/2017 04:15,2
27/11/2017 04:30,0
27/11/2017 04:45,0
27/11/2017 05:00,0
27/11/2017 05:15,0
27/11/2017 05:30,0
27/11/2017 05:45,0
27/11/2017 06:00,0
27/11/2017 06:15,0
27/11/2017 06:30,0
27/11/2017 06:45,0
27/11/2017 07:00,43
27/11/2017 07:15,43
27/11/2017 07:30,24
27/11/2017 07:45,10
27/11/2017 08:00,9
27/11/2017 08:15,2
27/11/2017 08:30,0
27/11/2017 08:45,0
27/11/2017 09:00,0
27/11/2017 09:15,0
27/11/2017 09:30,0
27/11/2017 09:45,0
27/11/2017 10:00,0
27/11/2017 10:15,0
27/11/2017 10:30,0
27/11/2017 10:45,0
27/11/2017 11:00,0
27/11/2017 11:15,0
27/11/2017 11:30,0
27/11/2017 11:45,0
27/11/2017 12:00,0
27/11/2017 12:15,0
27/11/2017 12:30,0
27/11/2017 12:45,0
27/11/2017 13:00,0
27/11/2017 13:15,0
27/11/2017 13:30,0
27/11/2017 13:45,0
27/11/2017 14:00,0
27/11/2017 14:15,0
27/11/2017 14:30,0
27/11/2017 14:45,0
27/11/2017 15:00,0
27/11/2017 15:15,0
27/11/2017 15:30,0
27/11/2017 15:45,0
27/11/2017 16:00,49
27/11/2017 16:15,41
27/11/2017 16:30,22
27/11/2017 16:45,11
27/11/2017 17:00,8
27/11/2017 17:15,4
27/11/2017 17:30,1
27/11/2017 17:45,1
27/11/2017 18:00,7
27/11/2017 18:15,14
27/11/2017 18:30,33
27/11/2017 18:45,15
27/11/2017 19:00,8
27/11/2017 19:15,0
27/11/2017 19:30,0
27/11/2017 19:45,0
27/11/2017 20:00,16
27/11/2017 20:15,15
27/11/2017 20:30,29
27/11/2017 20:45,11
27/11/2017 21:00,3
27/11/2017 21:15,0
27/11/2017 21:30,0
27/11/2017 21:45,9
27/11/2017 22:00,20
27/11/2017 22:15,14
27/11/2017 22:30,20
27/11/2017 22:45,6
27/11/2017 23:00,2
27/11/2017 23:15,0
27/11/2017 23:30,0
27/11/2017 23:45,0
28/11/2017 00:00,0
28/11/2017 00:15,0
28/11/2017 00:30,0
28/11/2017 00:45,0
28/11/2017 01:00,0
28/11/2017 01:15,0
28/11/2017 01:30,0
28/11/2017 01:45,0
28/11/2017 02:00,0
28/11/2017 02:15,0
28/11/2017 02:30,0
28/11/2017 02:45,0
28/11/2017 03:00,0
28/11/2017 03:15,0
28/11/2017 03:30,0
28/11/2017 03:45,0
28/11/2017 04:00,0
28/11/2017 04:15,0
28/11/2017 04:30,0
28/11/2017 04:45,0
28/11/2017 05:00,0
28/11/2017 05:15,0
28/11/2017 05:30,0
28/11/2017 05:45,0
28/11/2017 06:00,0
28/11/2017 06:15,0
28/11/2017 06:30,9
28/11/2017 06:45,136
28/11/2017 07:00,48
28/11/2017 07:15,130
28/11/2017 07:30,1
28/11/2017 07:45,1
28/11/2017 08:00,0
28/11/2017 08:15,1
28/11/2017 08:30,1
28/11/2017 08:45,0
28/11/2017 09:00,0
28/11/2017 09:15,3
28/11/2017 09:30,0
28/11/2017 09:45,0
28/11/2017 10:00,0
28/11/2017 10:15,0
28/11/2017 10:30,2
28/11/2017 10:45,0
28/11/2017 11:00,81
28/11/2017 11:15,203
28/11/2017 11:30,56
28/11/2017 11:45,0
28/11/2017 12:00,0
28/11/2017 12:15,0
28/11/2017 12:30,0
28/11/2017 12:45,0
28/11/2017 13:00,0
28/11/2017 13:15,0
28/11/2017 13:30,0
28/11/2017 13:45,0
28/11/2017 14:00,0
28/11/2017 14:15,0
28/11/2017 14:30,0
28/11/2017 14:45,0
28/11/2017 15:00,0
28/11/2017 15:15,0
28/11/2017 15:30,0
28/11/2017 15:45,0
28/11/2017 16:00,41
28/11/2017 16:15,45
28/11/2017 16:30,26
28/11/2017 16:45,15
28/11/2017 17:00,11
28/11/2017 17:15,1
28/11/2017 17:30,3
28/11/2017 17:45,0
28/11/2017 18:00,10
28/11/2017 18:15,28
28/11/2017 18:30,19
28/11/2017 18:45,21
28/11/2017 19:00,6
28/11/2017 19:15,0
28/11/2017 19:30,0
28/11/2017 19:45,5
28/11/2017 20:00,16
28/11/2017 20:15,37
28/11/2017 20:30,14
28/11/2017 20:45,2
28/11/2017 21:00,11
28/11/2017 21:15,5
28/11/2017 21:30,6
28/11/2017 21:45,5
28/11/2017 22:00,15
28/11/2017 22:15,13
28/11/2017 22:30,22
28/11/2017 22:45,10
28/11/2017 23:00,0
28/11/2017 23:15,0
28/11/2017 23:30,0
28/11/2017 23:45,0
29/11/2017 00:00,0
29/11/2017 00:15,0
29/11/2017 00:30,0
29/11/2017 00:45,0
29/11/2017 01:00,0
29/11/2017 01:15,0
29/11/2017 01:30,0
29/11/2017 01:45,0
29/11/2017 02:00,0
29/11/2017 02:15,0
29/11/2017 02:30,0
29/11/2017 02:45,0
29/11/2017 03:00,0
29/11/2017 03:15,0
29/11/2017 03:30,0
29/11/2017 03:45,0
29/11/2017 04:00,0
29/11/2017 04:15,0
29/11/2017 04:30,0
29/11/2017 04:45,0
29/11/2017 05:00,0
29/11/2017 05:15,0
29/11/2017 05:30,0
29/11/2017 05:45,0
29/11/2017 06:00,0
29/11/2017 06:15,0
29/11/2017 06:30,0
29/11/2017 06:45,0
29/11/2017 07:00,45
29/11/2017 07:15,45
29/11/2017 07:30,28
29/11/2017 07:45,13
29/11/2017 08:00,16
29/11/2017 08:15,10
29/11/2017 08:30,17
29/11/2017 08:45,12
29/11/2017 09:00,0
29/11/2017 09:15,2
29/11/2017 09:30,0
29/11/2017 09:45,0
29/11/2017 10:00,0
29/11/2017 10:15,0
29/11/2017 10:30,0
29/11/2017 10:45,0
29/11/2017 11:00,0
29/11/2017 11:15,0
29/11/2017 11:30,0
29/11/2017 11:45,0
29/11/2017 12:00,0
29/11/2017 12:15,0
29/11/2017 12:30,0
29/11/2017 12:45,0
29/11/2017 13:00,0
29/11/2017 13:15,0
29/11/2017 13:30,0
29/11/2017 13:45,0
29/11/2017 14:00,0
29/11/2017 14:15,0
29/11/2017 14:30,0
29/11/2017 14:45,0
29/11/2017 15:00,0
29/11/2017 15:15,0
29/11/2017 15:30,0
29/11/2017 15:45,0
29/11/2017 16:00,51
29/11/2017 16:15,43
29/11/2017 16:30,28
29/11/2017 16:45,20
29/11/2017 17:00,13
29/11/2017 17:15,8
29/11/2017 17:30,11
29/11/2017 17:45,7
29/11/2017 18:00,7
29/11/2017 18:15,7
29/11/2017 18:30,12
29/11/2017 18:45,29
29/11/2017 19:00,36
29/11/2017 19:15,5
29/11/2017 19:30,9
29/11/2017 19:45,6
29/11/2017 20:00,10
29/11/2017 20:15,6
29/11/2017 20:30,10
29/11/2017 20:45,25
29/11/2017 21:00,26
29/11/2017 21:15,11
29/11/2017 21:30,9
29/11/2017 21:45,2
29/11/2017 22:00,2
29/11/2017 22:15,13
29/11/2017 22:30,23
29/11/2017 22:45,13
29/11/2017 23:00,5
29/11/2017 23:15,0
29/11/2017 23:30,0
29/11/2017 23:45,0
30/11/2017 00:00,0
30/11/2017 00:15,0
30/11/2017 00:30,0
30/11/2017 00:45,0
30/11/2017 01:00,0
30/11/2017 01:15,0
30/11/2017 01:30,0
30/11/2017 01:45,0
30/11/2017 02:00,0
30/11/2017 02:15,0
30/11/2017 02:30,0
30/11/2017 02:45,0
30/11/2017 03:00,0
30/11/2017 03:15,16
30/11/2017 03:30,41
30/11/2017 03:45,111
30/11/2017 04:00,233
30/11/2017 04:15,69
30/11/2017 04:30,240
30/11/2017 04:45,325
30/11/2017 05:00,172
30/11/2017 05:15,113
30/11/2017 05:30,34
30/11/2017 05:45,0
30/11/2017 06:00,0
30/11/2017 06:15,0
30/11/2017 06:30,6
30/11/2017 06:45,77
30/11/2017 07:00,167
30/11/2017 07:15,134
30/11/2017 07:30,73
30/11/2017 07:45,24
30/11/2017 08:00,40
30/11/2017 08:15,5
30/11/2017 08:30,22
30/11/2017 08:45,10
30/11/2017 09:00,62
30/11/2017 09:15,118
30/11/2017 09:30,44
30/11/2017 09:45,144
30/11/2017 10:00,76
30/11/2017 10:15,132
30/11/2017 10:30,42
30/11/2017 10:45,3
30/11/2017 11:00,0
30/11/2017 11:15,0
30/11/2017 11:30,1
30/11/2017 11:45,0
30/11/2017 12:00,0
30/11/2017 12:15,0
30/11/2017 12:30,0
30/11/2017 12:45,1
30/11/2017 13:00,0
30/11/2017 13:15,0
30/11/2017 13:30,0
30/11/2017 13:45,0
30/11/2017 14:00,2
30/11/2017 14:15,1
30/11/2017 14:30,0
30/11/2017 14:45,0
30/11/2017 15:00,0
30/11/2017 15:15,0
30/11/2017 15:30,0
30/11/2017 15:45,0
30/11/2017 16:00,13
30/11/2017 16:15,0
30/11/2017 16:30,3
30/11/2017 16:45,1
30/11/2017 17:00,3
30/11/2017 17:15,1
30/11/2017 17:30,2
30/11/2017 17:45,0
30/11/2017 18:00,0
30/11/2017 18:15,1
30/11/2017 18:30,2
30/11/2017 18:45,0
30/11/2017 19:00,1
30/11/2017 19:15,2
30/11/2017 19:30,1
30/11/2017 19:45,2
30/11/2017 20:00,1
30/11/2017 20:15,9
30/11/2017 20:30,0
30/11/2017 20:45,0
30/11/2017 21:00,1
30/11/2017 21:15,0
30/11/2017 21:30,0
30/11/2017 21:45,0
30/11/2017 22:00,11
30/11/2017 22:15,1
30/11/2017 22:30,2
30/11/2017 22:45,3
30/11/2017 23:00,2
30/11/2017 23:15,0
30/11/2017 23:30,0
30/11/2017 23:45,0
